"","X","BRAF","NRAS","ATI"
"1","TCGA.BF.A1PU.01","V600E","NaN",0
"2","TCGA.BF.A1PV.01","NaN","Q61L",0
"3","TCGA.BF.A1PX.01","V600E","NaN",0
"4","TCGA.BF.A1PZ.01","NaN","Q61R",1
"5","TCGA.BF.A1Q0.01","NaN","NaN",0
"6","TCGA.BF.A3DJ.01","V600E","NaN",0
"7","TCGA.BF.A3DL.01","V600K","NaN",0
"8","TCGA.BF.A3DM.01","V600K","NaN",1
"9","TCGA.BF.A3DN.01","V600E","NaN",0
"10","TCGA.BF.A5EO.01","NaN","Q61R",0
"11","TCGA.BF.A5EQ.01","V600K","NaN",0
"12","TCGA.D3.A1Q1.06","NaN","G12R",0
"13","TCGA.D3.A1Q3.06","NaN","NaN",0
"14","TCGA.D3.A1Q4.06","V600E","NaN",0
"15","TCGA.D3.A1Q5.06","V600E","NaN",0
"16","TCGA.D3.A1Q6.06","V600E","NaN",0
"17","TCGA.D3.A1Q7.06","V600E","NaN",0
"18","TCGA.D3.A1Q8.06","NaN","Q61K",0
"19","TCGA.D3.A1Q9.06","V600E","NaN",0
"20","TCGA.D3.A1QA.06","V600R","NaN",0
"21","TCGA.D3.A1QB.06","NaN","Q61L",0
"22","TCGA.D3.A2J6.06","NaN","NaN",0
"23","TCGA.D3.A2J7.06","V600E","NaN",0
"24","TCGA.D3.A2J8.06","NaN","Q61L",0
"25","TCGA.D3.A2J9.06","NaN","NaN",0
"26","TCGA.D3.A2JA.06","V600E","NaN",0
"27","TCGA.D3.A2JB.06","NaN","NaN",0
"28","TCGA.D3.A2JC.06","NaN","NaN",0
"29","TCGA.D3.A2JD.06","V600E","NaN",1
"30","TCGA.D3.A2JF.06","NaN","NaN",0
"31","TCGA.D3.A2JG.06","V600E","NaN",0
"32","TCGA.D3.A2JH.06","K601E","NaN",0
"33","TCGA.D3.A2JK.06","V600E","NaN",0
"34","TCGA.D3.A2JL.06","NaN","G12R",0
"35","TCGA.D3.A2JN.06","V600E","NaN",0
"36","TCGA.D3.A2JO.06","NaN","Q61K",0
"37","TCGA.D3.A2JP.06","V600E","NaN",0
"38","TCGA.D3.A3BZ.06","NaN","NaN",0
"39","TCGA.D3.A3C1.06","V600E","NaN",0
"40","TCGA.D3.A3C3.06","V600E","NaN",0
"41","TCGA.D3.A3C6.06","V600E","NaN",0
"42","TCGA.D3.A3C7.06","V600E","NaN",0
"43","TCGA.D3.A3C8.06","NaN","NaN",0
"44","TCGA.D3.A3CB.06","V600E","NaN",0
"45","TCGA.D3.A3CC.06","NaN","NaN",0
"46","TCGA.D3.A3CE.06","V600E","NaN",0
"47","TCGA.D3.A3CF.06","NaN","NaN",0
"48","TCGA.D3.A3ML.06","NaN","Q61L",0
"49","TCGA.D3.A3MO.06","V600E","NaN",0
"50","TCGA.D3.A3MR.06","V600E","NaN",0
"51","TCGA.D3.A3MU.06","V600E","NaN",0
"52","TCGA.D3.A3MV.06","NaN","Q61R",0
"53","TCGA.D3.A51E.06","NaN","Q61R",0
"54","TCGA.D3.A51F.06","V600E","NaN",0
"55","TCGA.D3.A51G.06","NaN","Q61K",0
"56","TCGA.D3.A51H.06","NaN","NaN",0
"57","TCGA.D3.A51J.06","V600E","NaN",0
"58","TCGA.D3.A51K.06","NaN","NaN",0
"59","TCGA.D3.A51N.06","V600E","NaN",0
"60","TCGA.D3.A51R.06","NaN","Q61R",0
"61","TCGA.D3.A51T.06","G469R","NaN",0
"62","TCGA.D3.A5GN.06","V600E","NaN",0
"63","TCGA.D3.A5GO.06","NaN","Q61R",1
"64","TCGA.D3.A5GR.06","V600E","NaN",0
"65","TCGA.D3.A5GS.06","V600E","NaN",0
"66","TCGA.D3.A5GT.01","V600E","NaN",0
"67","TCGA.D3.A5GU.06","V600E","NaN",0
"68","TCGA.D9.A148.06","V600E","NaN",0
"69","TCGA.D9.A149.06","NaN","NaN",0
"70","TCGA.D9.A1JW.06","N581T","NaN",0
"71","TCGA.D9.A1JX.06","V600E","NaN",1
"72","TCGA.D9.A3Z1.06","NaN","Q61R",0
"73","TCGA.D9.A3Z3.06","V600E","NaN",0
"74","TCGA.D9.A3Z4.01","NaN","Q61R",0
"75","TCGA.D9.A4Z2.01","V600E","NaN",0
"76","TCGA.D9.A4Z3.01","NaN","Q61R",0
"77","TCGA.D9.A4Z5.01","N581H","NaN",0
"78","TCGA.D9.A6E9.06","V600E","NaN",1
"79","TCGA.D9.A6EA.06","NaN","Q61R",0
"80","TCGA.D9.A6EC.06","L485Y","NaN",0
"81","TCGA.DA.A1HV.06","NaN","Q61K",0
"82","TCGA.DA.A1HW.06","V600E","NaN",0
"83","TCGA.DA.A1HY.06","V600E","NaN",0
"84","TCGA.DA.A1I0.06","V600K","NaN",0
"85","TCGA.DA.A1I1.06","NaN","Q61L",0
"86","TCGA.DA.A1I2.06","V600E","NaN",1
"87","TCGA.DA.A1I4.06","V600E","NaN",1
"88","TCGA.DA.A1I5.06","V600E","NaN",0
"89","TCGA.DA.A1I7.06","V600E","NaN",0
"90","TCGA.DA.A1I8.06","V600E","NaN",0
"91","TCGA.DA.A1IA.06","NaN","NaN",0
"92","TCGA.DA.A1IB.06","G469A","NaN",1
"93","TCGA.DA.A1IC.06","NaN","NaN",1
"94","TCGA.DA.A3F2.06","NaN","NaN",0
"95","TCGA.DA.A3F3.06","NaN","Q61R",0
"96","TCGA.DA.A3F5.06","V600E","NaN",0
"97","TCGA.DA.A3F8.06","V600K","NaN",0
"98","TCGA.EB.A1NK.01","NaN","Q61R",0
"99","TCGA.EB.A24C.01","V600E","NaN",0
"100","TCGA.EB.A24D.01","K601E,L245F","NaN",0
"101","TCGA.EB.A299.01","V600E","NaN",0
"102","TCGA.EB.A3HV.01","V600E","NaN",0
"103","TCGA.EB.A3XB.01","V600K","NaN",0
"104","TCGA.EB.A3XC.01","V600R","NaN",0
"105","TCGA.EB.A3XD.01","V600E","NaN",0
"106","TCGA.EB.A3XE.01","V600E","NaN",0
"107","TCGA.EB.A3Y6.01","V600E","NaN",0
"108","TCGA.EB.A3Y7.01","NaN","NaN",0
"109","TCGA.EB.A41A.01","NaN","NaN",0
"110","TCGA.EB.A41B.01","NaN","NaN",1
"111","TCGA.EB.A42Y.01","NaN","NaN",0
"112","TCGA.EB.A42Z.01","V600E","NaN",0
"113","TCGA.EB.A430.01","V600E","NaN",0
"114","TCGA.EB.A431.01","V600E","NaN",0
"115","TCGA.EB.A44N.01","V600E","NaN",0
"116","TCGA.EB.A44O.01","NaN","Q61K",0
"117","TCGA.EB.A44P.01","V600E","NaN",0
"118","TCGA.EB.A44Q.06","NaN","Q61L",0
"119","TCGA.EB.A44R.06","NaN","G13D",0
"120","TCGA.EB.A4IQ.01","NaN","NaN",0
"121","TCGA.EB.A4IS.01","V600E","NaN",0
"122","TCGA.EB.A4OY.01","NaN","NaN",0
"123","TCGA.EB.A4OZ.01","V600E","NaN",0
"124","TCGA.EB.A4P0.01","V600E","NaN",0
"125","TCGA.EB.A551.01","NaN","Q61K",0
"126","TCGA.EB.A553.01","V600E","NaN",0
"127","TCGA.EB.A57M.01","NaN","NaN",0
"128","TCGA.EB.A5SE.01","V600E","NaN",0
"129","TCGA.EB.A5SF.01","NaN","NaN",0
"130","TCGA.EB.A5SG.06","NaN","Q61R",0
"131","TCGA.EB.A5SH.06","NaN","NaN",0
"132","TCGA.EB.A5UL.06","NaN","Q61K",0
"133","TCGA.EB.A5UM.01","NaN","NaN",0
"134","TCGA.EB.A5UN.06","V600E","NaN",1
"135","TCGA.EE.A17X.06","NaN","Q61K",0
"136","TCGA.EE.A17Y.06","V600E","NaN",0
"137","TCGA.EE.A17Z.06","NaN","NaN",0
"138","TCGA.EE.A180.06","NaN","NaN",0
"139","TCGA.EE.A181.06","S467L","NaN",0
"140","TCGA.EE.A182.06","NaN","NaN",0
"141","TCGA.EE.A183.06","V600K","NaN",0
"142","TCGA.EE.A184.06","NaN","Q61H",0
"143","TCGA.EE.A185.06","NaN","Q61K",0
"144","TCGA.EE.A20B.06","V600E","NaN",0
"145","TCGA.EE.A20C.06","NaN","Q61R",1
"146","TCGA.EE.A20F.06","V600E","NaN",0
"147","TCGA.EE.A20H.06","V600K","NaN",0
"148","TCGA.EE.A20I.06","NaN","NaN",0
"149","TCGA.EE.A29A.06","V600E","NaN",0
"150","TCGA.EE.A29B.06","NaN","NaN",0
"151","TCGA.EE.A29C.06","V600E","NaN",0
"152","TCGA.EE.A29D.06","NaN","NaN",1
"153","TCGA.EE.A29E.06","V600K","NaN",0
"154","TCGA.EE.A29G.06","NaN","Q61K",0
"155","TCGA.EE.A29H.06","V600E","NaN",0
"156","TCGA.EE.A29L.06","NaN","Q61L",0
"157","TCGA.EE.A29M.06","V600E","NaN",0
"158","TCGA.EE.A29N.06","D594N","NaN",0
"159","TCGA.EE.A29P.06","V600E","NaN",0
"160","TCGA.EE.A29Q.06","NaN","Q61L",1
"161","TCGA.EE.A29R.06","NaN","Q61R",0
"162","TCGA.EE.A29S.06","NaN","Q61L",0
"163","TCGA.EE.A29V.06","NaN","G12A",0
"164","TCGA.EE.A29W.06","V600E","NaN",0
"165","TCGA.EE.A29X.06","NaN","Q61R",0
"166","TCGA.EE.A2A0.06","L597Q,P367S","NaN",0
"167","TCGA.EE.A2A1.06","NaN","Q61R",0
"168","TCGA.EE.A2A2.06","NaN","Q61L",1
"169","TCGA.EE.A2A5.06","NaN","Q61R",0
"170","TCGA.EE.A2A6.06","V600E","NaN",0
"171","TCGA.EE.A2GB.06","V600K","NaN",1
"172","TCGA.EE.A2GC.06","G466E","NaN",0
"173","TCGA.EE.A2GD.06","NaN","Q61K",1
"174","TCGA.EE.A2GE.06","V600E","NaN",0
"175","TCGA.EE.A2GH.06","P318F,V600E","NaN",0
"176","TCGA.EE.A2GI.06","NaN","NaN",1
"177","TCGA.EE.A2GJ.06","G466E","G12D",0
"178","TCGA.EE.A2GK.06","NaN","NaN",0
"179","TCGA.EE.A2GL.06","NaN","Q61K",0
"180","TCGA.EE.A2GM.06","P348T","Q61R",0
"181","TCGA.EE.A2GN.06","NaN","Q61K",0
"182","TCGA.EE.A2GO.06","G469R","NaN",0
"183","TCGA.EE.A2GP.06","NaN","Q61R",0
"184","TCGA.EE.A2GR.06","NaN","NaN",0
"185","TCGA.EE.A2GS.06","V600E","NaN",0
"186","TCGA.EE.A2GT.06","V600K","NaN",0
"187","TCGA.EE.A2GU.06","NaN","Q61K",1
"188","TCGA.EE.A2M5.06","V600E","NaN",0
"189","TCGA.EE.A2M6.06","V600E","NaN",0
"190","TCGA.EE.A2M7.06","V600E","NaN",0
"191","TCGA.EE.A2M8.06","V600E","NaN",0
"192","TCGA.EE.A2MC.06","NaN","Q61R",0
"193","TCGA.EE.A2MD.06","NaN","Q61R",0
"194","TCGA.EE.A2ME.06","V600K","NaN",0
"195","TCGA.EE.A2MF.06","NaN","Q61K",0
"196","TCGA.EE.A2MG.06","V600E","NaN",0
"197","TCGA.EE.A2MH.06","V600E","NaN",0
"198","TCGA.EE.A2MI.06","NaN","NaN",0
"199","TCGA.EE.A2MJ.06","NaN","NaN",0
"200","TCGA.EE.A2MK.06","V600E","NaN",0
"201","TCGA.EE.A2ML.06","NaN","Q61R",0
"202","TCGA.EE.A2MM.06","NaN","Q61H",0
"203","TCGA.EE.A2MN.06","NaN","Q61K",0
"204","TCGA.EE.A2MP.06","V600E","NaN",0
"205","TCGA.EE.A2MQ.06","K601E,P731S","NaN",0
"206","TCGA.EE.A2MR.06","NaN","NaN",0
"207","TCGA.EE.A2MS.06","NaN","NaN",0
"208","TCGA.EE.A2MT.06","NaN","NaN",0
"209","TCGA.EE.A2MU.06","NaN","QE61HK",0
"210","TCGA.EE.A3AA.06","K601E,E695K","NaN",0
"211","TCGA.EE.A3AB.06","V600E","NaN",0
"212","TCGA.EE.A3AC.06","NaN","Q61K",0
"213","TCGA.EE.A3AD.06","V600E","NaN",0
"214","TCGA.EE.A3AE.06","NaN","NaN",0
"215","TCGA.EE.A3AF.06","V600E","NaN",1
"216","TCGA.EE.A3AG.06","V600E","NaN",0
"217","TCGA.EE.A3AH.06","V600E","NaN",0
"218","TCGA.EE.A3J3.06","V600E","NaN",0
"219","TCGA.EE.A3J4.06","V600E","NaN",0
"220","TCGA.EE.A3J5.06","NaN","NaN",0
"221","TCGA.EE.A3J7.06","NaN","Q61R",0
"222","TCGA.EE.A3J8.06","NaN","Q61R",0
"223","TCGA.EE.A3JA.06","NaN","Q61R",0
"224","TCGA.EE.A3JB.06","V600E","NaN",0
"225","TCGA.EE.A3JD.06","S467L","NaN",0
"226","TCGA.EE.A3JE.06","V600E","NaN",0
"227","TCGA.EE.A3JH.06","K601E","NaN",0
"228","TCGA.EE.A3JI.06","NaN","Q61K",0
"229","TCGA.ER.A193.06","V600R","NaN",0
"230","TCGA.ER.A194.01","NaN","NaN",0
"231","TCGA.ER.A195.06","NaN","Q61K",0
"232","TCGA.ER.A196.01","NaN","NaN",0
"233","TCGA.ER.A197.06","NaN","NaN",1
"234","TCGA.ER.A198.06","V600E","NaN",0
"235","TCGA.ER.A199.06","NaN","Q61R",0
"236","TCGA.ER.A19A.06","NaN","NaN",0
"237","TCGA.ER.A19B.06","V600E","NaN",0
"238","TCGA.ER.A19C.06","V600E","NaN",0
"239","TCGA.ER.A19D.06","NaN","Q61K",0
"240","TCGA.ER.A19E.06","V600E","NaN",0
"241","TCGA.ER.A19F.06","G466E","NaN",0
"242","TCGA.ER.A19G.06","V600E","NaN",0
"243","TCGA.ER.A19H.06","V600E","NaN",0
"244","TCGA.ER.A19J.06","V600K","NaN",0
"245","TCGA.ER.A19K.01","V600K","NaN",0
"246","TCGA.ER.A19L.06","NaN","NaN",0
"247","TCGA.ER.A19M.06","V600E","NaN",0
"248","TCGA.ER.A19N.06","NaN","Q61H",1
"249","TCGA.ER.A19O.06","V600E","NaN",0
"250","TCGA.ER.A19P.06","V600E","NaN",0
"251","TCGA.ER.A19Q.06","V600E","NaN",0
"252","TCGA.ER.A19S.06","V600E","NaN",0
"253","TCGA.ER.A19T.06","NaN","NaN",0
"254","TCGA.ER.A19T.01","NaN","NaN",0
"255","TCGA.ER.A19W.06","NaN","Q61K",0
"256","TCGA.ER.A1A1.06","NaN","NaN",0
"257","TCGA.ER.A2NB.01","NaN","Q61R",0
"258","TCGA.ER.A2NC.06","V600K","G13R",0
"259","TCGA.ER.A2ND.06","V600E","NaN",0
"260","TCGA.ER.A2NE.06","NaN","Q61K",0
"261","TCGA.ER.A2NF.06","NaN","NaN",0
"262","TCGA.ER.A2NF.01","NaN","NaN",0
"263","TCGA.ER.A2NG.06","V600E","NaN",0
"264","TCGA.ER.A2NH.06","NaN","Q61R",0
"265","TCGA.ER.A3ES.06","NaN","NaN",0
"266","TCGA.ER.A3ET.06","NaN","NaN",0
"267","TCGA.ER.A3EV.06","NaN","NaN",0
"268","TCGA.ER.A3PL.06","V600E","NaN",0
"269","TCGA.ER.A42H.01","NaN","NaN",0
"270","TCGA.ER.A42K.06","V600E","NaN",0
"271","TCGA.ER.A42L.06","V600K","NaN",0
"272","TCGA.FR.A2OS.01","NaN","NaN",0
"273","TCGA.FR.A3R1.01","NaN","NaN",0
"274","TCGA.FR.A3YN.06","NaN","Q61R",0
"275","TCGA.FR.A3YO.06","V600_K601delinsE","NaN",0
"276","TCGA.FR.A44A.06","V600E","NaN",0
"277","TCGA.FR.A69P.06","NaN","Q61R",0
"278","TCGA.FS.A1YW.06","NaN","Q61K",0
"279","TCGA.FS.A1YX.06","V600E","NaN",0
"280","TCGA.FS.A1YY.06","V600E","NaN",0
"281","TCGA.FS.A1Z0.06","NaN","Q61R",0
"282","TCGA.FS.A1Z3.06","NaN","Q61H",0
"283","TCGA.FS.A1Z4.06","NaN","NaN",0
"284","TCGA.FS.A1Z7.06","V600E","NaN",0
"285","TCGA.FS.A1ZA.06","NaN","Q22K",0
"286","TCGA.FS.A1ZB.06","NaN","Q61R",0
"287","TCGA.FS.A1ZC.06","V600K","NaN",0
"288","TCGA.FS.A1ZD.06","V600E","NaN",0
"289","TCGA.FS.A1ZE.06","NaN","Q61K",0
"290","TCGA.FS.A1ZF.06","V600E","NaN",1
"291","TCGA.FS.A1ZG.06","NaN","NaN",0
"292","TCGA.FS.A1ZH.06","V600E","NaN",0
"293","TCGA.FS.A1ZJ.06","NaN","NaN",0
"294","TCGA.FS.A1ZK.06","NaN","NaN",0
"295","TCGA.FS.A1ZM.06","V600E","NaN",1
"296","TCGA.FS.A1ZN.01","V600E","NaN",0
"297","TCGA.FS.A1ZP.06","NaN","Q61L",0
"298","TCGA.FS.A1ZQ.06","NaN","Q61R",0
"299","TCGA.FS.A1ZR.06","V600E","NaN",0
"300","TCGA.FS.A1ZS.06","V600E","NaN",0
"301","TCGA.FS.A1ZT.06","NaN","Q61R",0
"302","TCGA.FS.A1ZU.06","NaN","NaN",0
"303","TCGA.FS.A1ZW.06","NaN","Q61K",0
"304","TCGA.FS.A1ZY.06","NaN","Q61R",0
"305","TCGA.FS.A1ZZ.06","N581S","P34L",0
"306","TCGA.FS.A4F0.06","NaN","NaN",0
"307","TCGA.FS.A4F4.06","NaN","NaN",0
"308","TCGA.FS.A4F5.06","NaN","Q61R",0
"309","TCGA.FS.A4F8.06","V600E","NaN",0
"310","TCGA.FS.A4F9.06","NaN","Q61K",0
"311","TCGA.FS.A4FB.06","V600E","NaN",0
"312","TCGA.FS.A4FC.06","NaN","G13R",0
"313","TCGA.FS.A4FD.06","NaN","Q61R",0
"314","TCGA.FW.A3I3.06","NaN","NaN",0
"315","TCGA.FW.A3R5.06","H725Y,G469E","NaN",0
"316","TCGA.FW.A3TU.06","NaN","NaN",0
"317","TCGA.FW.A3TV.06","V600E","NaN",0
"318","TCGA.FW.A5DX.01","V600E","NaN",0
"319","TCGA.FW.A5DY.06","V600E","NaN",0
"320","TCGA.GF.A2C7.01","V600E","NaN",0
"321","TCGA.GF.A3OT.06","NaN","Q61K",0
"322","TCGA.GF.A4EO.06","K183E,V600E","NaN",0
"323","TCGA.GF.A6C8.06","V600E","NaN",0
"324","TCGA.GF.A6C9.06","V600K","X37_splice",0
"325","TCGA.GN.A262.06","V600E","NaN",0
"326","TCGA.GN.A263.01","V600E","NaN",0
"327","TCGA.GN.A264.06","NaN","NaN",0
"328","TCGA.GN.A265.06","V600E","NaN",0
"329","TCGA.GN.A266.06","NaN","NaN",0
"330","TCGA.GN.A267.06","NaN","Q61K",0
"331","TCGA.GN.A268.06","NaN","Q61K",0
"332","TCGA.GN.A26A.06","NaN","NaN",0
"333","TCGA.GN.A26C.01","NaN","NaN",0
"334","TCGA.GN.A26D.06","NaN","NaN",0
"335","TCGA.IH.A3EA.01","V600K","NaN",0
"336","TCGA.QB.A6FS.06","V600K","NaN",0
"337","TCGA.RP.A690.06","NaN","NaN",0
"338","TCGA.RP.A693.06","NaN","NaN",0
"339","TCGA.RP.A694.06","NaN","Q61K",0
"340","TCGA.RP.A695.06","NaN","Q61R",0
